churn_group,avg_days_inactive
Active,14.937324612300806
At Risk,46.731159791176388
Likely Churned,74.948486450759958
Churned,91
